file,idx,category,importance,count,md5,description,,
u-boot.bin,0,1,0,0,202cb962ac59075b964b07152d234b70,u-boot.bin是一个常用的引导加载程序（bootloader），它负责初始化硬件设备和加载操作系统内核等任务。在嵌入式系统中，通电后首先运行的程序就是u-boot.bin。,,
bashrc.sh,0,1,0,0,202cb962ac59075b964b07152d234b71,bashrc.sh是一个在用户登录到 Bash shell 时自动执行的脚本文件，通常用于配置环境变量和别名等。,,
bash,0,1,0,0,202cb962ac59075b964b07152d234b72,Bash 解释器,,
curl,0,1,0,0,202cb962ac59075b964b07152d234b73,curl 是一个命令行工具，用于在各种协议之间传输数据。,,
fsck.fat,0,1,0,0,202cb962ac59075b964b07152d234b74,fsck.fat 是一个用于检查和修复 FAT 文件系统的命令行工具。,,
iptables,0,1,0,0,202cb962ac59075b964b07152d234b75,iptables是一个用于Linux操作系统中的防火墙工具，可以对网络数据进行过滤、转发、NAT等操作。它可以通过命令行进行配置和管理。,,
msyh16_CP936.bin,0,1,0,0,202cb962ac59075b964b07152d234b76,msyh16_CP936.bin是一种字体文件，它包含了Microsoft YaHei字体的二进制数据。CP936代表简体中文字符集编码GB 2312-80的Windows Code Page编号，因此该字体文件中包含的字符集适用于简体中文环境。"16"表示这个字体文件中包含的字形为16像素大小的版本。通常，这种字体文件可以被用于在各种软件和系统环境下显示中文文本。,,
nASC16.bin,0,1,0,0,202cb962ac59075b964b07152d234b77,nASC16.bin是一种字体文件，它包含了ASCII字母、数字和符号的二进制数据。其中，ASC代表ASCII字符集（American Standard Code for Information Interchange），而16表示这个字体文件中包含的字形为16像素大小的版本。通常，这种字体文件可以被用于在各种软件和系统环境下显示英文文本和基本的ASCII字符。,,
html,0,0,0,0,202cb962ac59075b964b07152d234b78,网页源码存放目录。,,
language,0,0,0,0,202cb962ac59075b964b07152d234b79,语言文件存放目录。,,
language.cfg,0,1,0,0,202cb962ac59075b964b07152d234b80,language.cfg是一种文本配置文件，通常用于软件或系统中设置语言选项。它包含了一系列键值对，其中键表示支持的语言选项名称，而值则表示相应语言选项的代码或标识符。在程序或系统启动时，该文件会被读取并解析，以确定当前要使用的语言选项，并且该选项会被保存在内存中供后续使用。这种语言配置文件可以被使用在各种软件和系统环境中，并且允许用户方便地更改和定制语言选项。,,
zh-cn.lan,0,1,0,0,202cb962ac59075b964b07152d234b81,zh-cn.lan文件是固件中用于本地化的语言文件之一，其中"zh-cn"表示中文简体。它包含了固件界面和提示信息等文本的本地化翻译，以便在支持中文简体语言的设备上显示出适当的文字。通常这种语言文件会被存储在固件中，并在设备启动时自动加载到内存中，以供系统在需要时调用。,,
networkcfg.sh,0,1,0,0,202cb962ac59075b964b07152d234b82,networkcfg.sh是一种Bash脚本文件，通常在Linux系统中用于配置网络参数和设置网络连接。它包含了一系列命令和参数，可以用于设置IP地址、子网掩码、网关、DNS服务器和其他网络相关的选项。该脚本可以通过命令行或其他脚本调用，并且需要以管理员权限运行。通常，这种脚本文件会被用于自动化网络配置过程，例如在系统启动时自动配置网络接口。,,
res,0,0,0,0,202cb962ac59075b964b07152d234b83,资源目录。,,
cacert.pem,0,1,0,0,202cb962ac59075b964b07152d234b84,cacert.pem是一个包含根证书的文件，用于验证数字证书的真实性和可信度。它通常用于安全传输层协议（TLS）和安全套接字层（SSL）通信中，以确保双方之间的通信是加密和安全的。,,
startup.sh,0,1,0,0,202cb962ac59075b964b07152d234b85,startup.sh文件通常是用于启动和配置系统的脚本文件。它可能包含一些系统初始化命令和应用程序启动脚本，以确保系统在启动时正常运行。,,
.DS_Store,-1,1,0,-1,202cb962ac59075b964b07152d234b85,Mac OS 系统中 Finder 应用程序自动生成的隐藏文件。,,
ash,0,1,0,0,202cb962ac59075b964b07152d234b85,是一种轻量级的Unix shell程序。,,
base64,0,1,0,0,202cb962ac59075b964b07152d234b85,提供Base64功能。,,
busybox,0,1,0,0,202cb962ac59075b964b07152d234b85,BusyBox 是一个精简的 Unix 工具集合，包含了许多常用的命令和工具，可以在嵌入式系统和小型 Linux 系统中取代一些独立的工具。,,
cat,0,1,0,0,202cb962ac59075b964b07152d234b85,cat命令,,
chgrp,0,1,0,0,202cb962ac59075b964b07152d234b85,chgrp命令，用于更改文件或目录的所属组。,,
chmod,0,1,0,0,202cb962ac59075b964b07152d234b85,chmod命令，用于更改文件或目录的访问权限。,,
chown,0,1,0,0,202cb962ac59075b964b07152d234b85,chownm命令，用于更改文件或目录的所有者。,,
egrep,0,1,0,0,202cb962ac59075b964b07152d234b85,egrep命令，用于在文本中进行扩展的正则表达式匹配。。,,
i2c_write,0,1,0,0,202cb962ac59075b964b07152d234b85,i2c_write命令或工具，用于在固件中进行 I2C 总线通信并向设备写入数据。,,
setserial,0,1,0,0,202cb962ac59075b964b07152d234b85,Linux 命令行工具，用于配置串口设备的参数。它通常与串口设备的驱动程序一起使用，并允许用户设置串口设备的波特率、数据位、停止位、奇偶校验等参数。在固件中是否包含该文件取决于固件的具体实现。,,
false,0,1,0,0,202cb962ac59075b964b07152d234b85,Linux 命令行工具，它仅返回退出状态码 "1"，表示命令执行失败。,,
ionice,0,1,0,0,202cb962ac59075b964b07152d234b85,Linux 命令行工具，用于设置进程的 I/O 调度优先级。,,
mv,0,1,0,0,202cb962ac59075b964b07152d234b85,Linux 命令行工具，用于移动或重命名文件或目录。,,
sh,0,1,0,0,202cb962ac59075b964b07152d234b85,sh是一个 Unix Shell，通常用于运行命令行脚本。,,
fatattr,0,1,0,0,202cb962ac59075b964b07152d234b85,Linux 命令行工具，用于修改 FAT 文件系统中的文件属性。,,
iostat,0,1,0,0,202cb962ac59075b964b07152d234b85,Linux/Unix 系统上的命令行工具，用于显示系统磁盘 I/O 的性能指标。,,
netstat,0,1,0,0,202cb962ac59075b964b07152d234b85,Linux/Unix 系统上的命令行工具，用于显示网络连接、路由表和网络接口的状态信息。,,
sleep,0,1,0,0,202cb962ac59075b964b07152d234b85,控制处理器进入和退出睡眠状态。,,
fdflush,0,1,0,0,202cb962ac59075b964b07152d234b85,Linux内核函数，用于将缓冲区中的数据刷新到磁盘上持久化存储。,,
ipcalc,0,1,0,0,202cb962ac59075b964b07152d234b85,一种计算IP地址相关信息的命令行工具。可以用来计算网络掩码、广播地址和子网大小等信息。,,
nice,0,1,0,0,202cb962ac59075b964b07152d234b85,用于调整进程优先级的Unix/Linux系统命令,,
ssp_read,0,1,0,0,202cb962ac59075b964b07152d234b85,函数名，SSP通常指的是 Stack Smashing Protector，这是一种保护机制，可防止栈溢出漏洞攻击。这些函数通常由编译器自动生成。,,
ssp_write,0,1,0,0,202cb962ac59075b964b07152d234b85,函数名，SSP通常指的是 Stack Smashing Protector，这是一种保护机制，可防止栈溢出漏洞攻击。这些函数通常由编译器自动生成。,,
fgrep,0,1,0,0,202cb962ac59075b964b07152d234b85, Linux/Unix 工具，它用于在文件中查找给定的字符串或模式，并将包含该模式的行输出到标准输出设备。,,
kbd_mode,0,1,0,0,202cb962ac59075b964b07152d234b85,一个类 Unix/Linux 操作系统中的命令或函数。该命令用于更改 Linux/Unix 系统中键盘的工作模式。,,
pidof,0,1,0,0,202cb962ac59075b964b07152d234b85,Unix/Linux 系统命令或函数。它用于查找给定进程名称的进程 ID（PID）。,,
fsync,0,1,0,0,202cb962ac59075b964b07152d234b85,Unix/Linux 系统中的系统调用或函数。该函数用于将修改过的文件数据强制刷新到磁盘上的物理介质中，以确保数据持久化，并避免因系统崩溃等异常情况导致数据丢失。,,
kill,0,1,0,0,202cb962ac59075b964b07152d234b85,Unix/Linux 系统中的系统调用或命令。它用于向指定的进程发送一个信号，以控制进程的行为。,,
ping,0,1,0,0,202cb962ac59075b964b07152d234b85,网络工具程序，用于测试计算机之间的连通性。,,
stat,0,1,0,0,202cb962ac59075b964b07152d234b85, Unix/Linux 系统命令，用于显示文件或文件系统的状态和属性信息。,,
ping6,0,1,0,0,202cb962ac59075b964b07152d234b85,可执行程序（命令）。它用于向指定的 IPv6 地址发送 ICMPv6 报文，并等待对端回复。,,
stty,0,1,0,0,202cb962ac59075b964b07152d234b85,可执行程序（命令）。它用于显示或更改终端设备的行属性。,,